{
   "groups":[
      {
         "groupName":"friends",
         "people":[
            {
               "firstName":"ROY",
               "lastName":"WILLIAMSON",
               "statusIcon":"online",
               "statusMessage":""
            },
            {
               "firstName":"BRAYDEN",
               "lastName":"SCHROEDER",
               "statusIcon":"offline",
               "statusMessage":""
            },
            {
               "firstName":"WALTER",
               "lastName":"HAMMOND",
               "statusIcon":"busy",
               "statusMessage":"busy"
            },
            {
               "firstName":"TIFFANY",
               "lastName":"CLARKE",
               "statusIcon":"online",
               "statusMessage":""
            },
            {
               "firstName":"JACQUELINE",
               "lastName":"NEWMAN",
               "statusIcon":"away",
               "statusMessage":""
            },
            {
               "firstName":"WILLIAM",
               "lastName":"CLEMENTS",
               "statusIcon":"online",
               "statusMessage":"Happy"
            }
         ]
      },
      {
         "groupName":"family",
         "people":[
            {
               "firstName":"ERIN",
               "lastName":"NORMAN",
               "statusIcon":"online",
               "statusMessage":""
            },
            {
               "firstName":"LUCY",
               "lastName":"WHITAKER",
               "statusIcon":"online",
               "statusMessage":""
            },
            {
               "firstName":"BARBARA",
               "lastName":"MAYO",
               "statusIcon":"online",
               "statusMessage":""
            },
            {
               "firstName":"ROY",
               "lastName":"WILLIAMSON",
               "statusIcon":"callforwarding",
               "statusMessage":""
            }
         ]
      },
      {
         "groupName":"work",
         "people":[
            {
               "firstName":"SOPHIE",
               "lastName":"SCHROEDER",
               "statusIcon":"online",
               "statusMessage":"In a meeting"
            },
            {
               "firstName":"MARY",
               "lastName":"CAIN",
               "statusIcon":"online",
               "statusMessage":""
            }
         ]
      },
      {
         "groupName":"school",
         "people":[

         ]
      }
   ]
}
